Filename,Line Count
0.krss,539
1.krss,820
2.krss,864
3.krss,820
4.krss,903
5.krss,721
6.krss,766
7.krss,936
8.krss,665
9.krss,725
10.krss,908
11.krss,804
12.krss,779
13.krss,956
14.krss,886
15.krss,846
16.krss,777
17.krss,856
18.krss,658
19.krss,833
20.krss,849
21.krss,854
22.krss,842
23.krss,732
24.krss,770
25.krss,762
26.krss,750
27.krss,882
28.krss,946
29.krss,782
30.krss,710
31.krss,746
32.krss,835
33.krss,782
34.krss,859
35.krss,965
36.krss,831
37.krss,692
38.krss,612
39.krss,856
40.krss,694
41.krss,782
42.krss,917
43.krss,690
44.krss,649
45.krss,697
46.krss,755
47.krss,775
48.krss,873
49.krss,699
50.krss,745
51.krss,877
52.krss,910
53.krss,708
54.krss,782
55.krss,836
56.krss,693
57.krss,758
58.krss,948
59.krss,668
60.krss,831
61.krss,727
62.krss,790
63.krss,836
64.krss,805
65.krss,741
66.krss,716
67.krss,854
68.krss,794
69.krss,764
70.krss,991
71.krss,744
72.krss,1030
73.krss,719
74.krss,792
75.krss,910
76.krss,825
77.krss,704
78.krss,618
79.krss,780
80.krss,904
81.krss,879
82.krss,799
83.krss,870
84.krss,751
85.krss,835
86.krss,717
87.krss,890
88.krss,742
89.krss,853
90.krss,842
91.krss,790
92.krss,754
93.krss,788
94.krss,863
95.krss,980
96.krss,990
97.krss,706
98.krss,885
99.krss,761
